-- phpMyAdmin SQL Dump
-- version 5.2.1
-- https://www.phpmyadmin.net/
--
-- Máy chủ: 127.0.0.1:3308
-- Thời gian đã tạo: Th6 23, 2025 lúc 06:24 PM
-- Phiên bản máy phục vụ: 10.4.32-MariaDB
-- Phiên bản PHP: 8.2.12

SET SQL_MODE = "NO_AUTO_VALUE_ON_ZERO";
START TRANSACTION;
SET time_zone = "+00:00";


/*!40101 SET @OLD_CHARACTER_SET_CLIENT=@@CHARACTER_SET_CLIENT */;
/*!40101 SET @OLD_CHARACTER_SET_RESULTS=@@CHARACTER_SET_RESULTS */;
/*!40101 SET @OLD_COLLATION_CONNECTION=@@COLLATION_CONNECTION */;
/*!40101 SET NAMES utf8mb4 */;

--
-- Cơ sở dữ liệu: `product_management`
--

-- --------------------------------------------------------

--
-- Cấu trúc bảng cho bảng `categories`
--

CREATE TABLE `categories` (
  `id` int(11) NOT NULL,
  `name` varchar(100) NOT NULL,
  `description` text DEFAULT NULL,
  `created_at` timestamp NOT NULL DEFAULT current_timestamp(),
  `updated_at` timestamp NOT NULL DEFAULT current_timestamp() ON UPDATE current_timestamp()
) ENGINE=InnoDB DEFAULT CHARSET=utf8mb4 COLLATE=utf8mb4_general_ci;

--
-- Đang đổ dữ liệu cho bảng `categories`
--

INSERT INTO `categories` (`id`, `name`, `description`, `created_at`, `updated_at`) VALUES
(1, 'hoa quả', '', '2025-05-24 10:18:28', '2025-05-27 16:22:50'),
(2, 'quần áo', NULL, '2025-05-26 04:15:24', '2025-05-26 04:15:24'),
(3, 'Đồ điện tử', '', '2025-05-26 09:07:14', '2025-05-30 13:51:03');

-- --------------------------------------------------------

--
-- Cấu trúc bảng cho bảng `products`
--

CREATE TABLE `products` (
  `id` int(11) NOT NULL,
  `name` varchar(200) NOT NULL,
  `description` text DEFAULT NULL,
  `price` int(11) NOT NULL,
  `quantity` int(11) NOT NULL DEFAULT 0,
  `image` varchar(255) DEFAULT NULL,
  `category_id` int(11) DEFAULT NULL,
  `created_at` timestamp NOT NULL DEFAULT current_timestamp(),
  `updated_at` timestamp NOT NULL DEFAULT current_timestamp() ON UPDATE current_timestamp(),
  `expiration_date` date DEFAULT NULL,
  `unit` varchar(20) DEFAULT NULL,
  `purchase` int(11) DEFAULT NULL
) ENGINE=InnoDB DEFAULT CHARSET=utf8mb4 COLLATE=utf8mb4_general_ci;

--
-- Đang đổ dữ liệu cho bảng `products`
--

INSERT INTO `products` (`id`, `name`, `description`, `price`, `quantity`, `image`, `category_id`, `created_at`, `updated_at`, `expiration_date`, `unit`, `purchase`) VALUES
(0, 'cam sành', 'Cam sành là một trong những giống cam ngon và nổi tiếng nhất của Việt Nam, được nhiều người tiêu dùng ưa chuộng nhờ vỏ xanh sẫm, ruột cam rực rỡ, vị ngọt đậm và mọng nước. Đặc biệt, cam sành không chỉ dễ ăn mà còn mang lại nhiều lợi ích cho sức khỏe nhờ hàm lượng vitamin C và chất chống oxy hóa cao.', 20000, 800, 'uploads/68342232b992e.jpg', 1, '2025-05-25 15:26:11', '2025-05-29 16:03:21', '2025-06-01', 'KG', 10000),
(1, 'Nho', 'Nho Đà Lạt, đặc biệt là nho thân gỗ và nho móng tay, là những loại nho nổi bật với hương vị thơm ngon và giá trị dinh dưỡng cao, thu hút nhiều du khách đến tham quan và thưởng thức.', 200000, 700, 'uploads/683855ff153ea.jpg', 1, '2025-05-29 12:30:46', '2025-05-30 13:47:37', '2025-06-06', 'KG', 100000),
(2, 'Mận', 'đặc sản Lai Châu, từ nguồn gốc, quá trình trồng trọt, thời điểm mùa mận chín Lai Châu, đến những trải nghiệm thưởng thức trái mận Lai Châu', 100000, 800, 'uploads/68385642cb6d2.jpg', 1, '2025-05-29 12:30:46', '2025-05-29 16:07:40', '0000-00-00', 'KG', 30000),
(3, 'bưởi', 'Bưởi là một trong những loại trái cây đặc sản nổi bật của Việt Nam, được ưa chuộng nhờ hương vị thanh mát, múi to mọng nước, dễ bóc và vị ngọt nhẹ hoặc chua dịu tùy giống.', 50000, 700, 'uploads/6834220ff4124.jpg', 1, '2025-05-25 15:46:31', '2025-05-29 18:03:29', '2025-06-05', 'KG', 25000),
(4, 'táo', 'Táo Việt Nam là loại trái cây được yêu thích nhờ vị ngọt nhẹ, giòn rụm và hàm lượng dinh dưỡng dồi dào. Được trồng chủ yếu tại các vùng khí hậu ôn đới như Ninh Thuận, Lâm Đồng, Sơn La…, táo Việt mang đến sự tươi ngon thuần khiết và an toàn tuyệt đối cho người sử dụng.', 15000, 800, 'uploads/68341ec658188.jpg', 1, '2025-05-25 15:51:50', '2025-05-29 18:03:29', '2025-06-05', 'KG', 10000),
(5, 'quýt', 'Quýt Việt Nam là loại trái cây được người tiêu dùng ưa chuộng nhờ vị ngọt thanh mát, dễ ăn và hàm lượng vitamin C dồi dào. Trái quýt có vỏ mỏng, dễ bóc, múi tách đều, mọng nước, thơm nhẹ tự nhiên – là món ăn vặt lý tưởng cho cả người lớn và trẻ em.', 12000, 500, 'uploads/68341eaf0af4e.jpg', 1, '2025-05-25 15:52:22', '2025-05-29 18:03:29', '2025-06-05', 'KG', 8000),
(6, 'xoài', 'Xoài Việt Nam là loại trái cây nhiệt đới nổi tiếng với hương vị thơm ngon, hình dáng bắt mắt và giá trị dinh dưỡng cao. Tùy theo vùng miền và giống, xoài có thể có vỏ xanh hoặc vàng, thịt vàng ươm, dẻo ngọt hoặc giòn thanh – phù hợp với nhiều khẩu vị.', 30000, 800, 'uploads/68341e88817e1.jpg', 1, '2025-05-25 16:28:26', '2025-05-29 16:03:21', '2025-06-30', 'KG', 1500),
(7, 'chôm chôm', 'hôm chôm – loại trái cây đặc trưng của vùng nhiệt đới – từ lâu đã trở thành niềm tự hào của nông sản Việt Nam. Với lớp vỏ gai mềm đỏ rực, bên trong là phần thịt trắng trong, mọng nước và vị ngọt thanh mát, chôm chôm Việt Nam không chỉ hấp dẫn về hình thức mà còn tuyệt vời về hương vị.', 50000, 500, 'uploads/68341e73b9154.jpg', 1, '2025-05-25 16:32:47', '2025-05-29 16:07:40', '2025-06-30', 'KG', 20000),
(8, 'dưa vàng', 'Dưa vàng Việt Nam là loại trái cây cao cấp với hương thơm dịu nhẹ, vị ngọt thanh mát và hàm lượng dinh dưỡng dồi dào. Vỏ ngoài màu vàng óng đặc trưng, ruột vàng cam hoặc trắng ngà (tùy giống), thịt giòn, mọng nước và dễ ăn. Loại quả này không chỉ hấp dẫn về hương vị mà còn mang lại nhiều lợi ích cho sức khỏe.', 50000, 500, 'uploads/683415aad1a01.jpg', 1, '2025-05-26 07:18:02', '2025-05-29 16:03:21', '2025-05-08', 'KG', 10000),
(9, 'áo len', 'áo len siêu đẹp', 300000, 500, 'uploads/6834171b47587.jpg', 2, '2025-05-26 07:24:11', '2025-05-29 16:03:21', '2026-05-22', 'Cái', 50000),
(10, 'Dưa hấu Long An', 'Dưa hấu Long An – đặc sản nổi tiếng từ vùng đất miền Tây sông nước – là sự kết tinh của nắng gió, phù sa và bàn tay cần cù của người nông dân. Với lớp vỏ xanh sẫm, ruột đỏ rực rỡ, dưa hấu Long An không chỉ bắt mắt mà còn chinh phục vị giác bởi vị ngọt thanh mát, mọng nước tự nhiên.', 20000, 2000, 'uploads/68341bfa1373c.jpg', 1, '2025-05-26 07:44:58', '2025-05-29 16:03:21', '2025-05-30', 'KG', 10000),
(11, 'Áo sói cô đọc', 'Áo sói cô độc là những mẫu áo thun, áo phông, áo sơ mi hay áo khoác có in hình của chú sói.', 100000, 750, 'uploads/683856cf658ae.jpg', 2, '2025-05-29 12:13:37', '2025-05-29 16:07:40', '2027-11-29', 'Cái', 60000),
(12, 'áo khoác nam', 'Áo khoác thời trang nam giữ ấm tốt', 250000, 800, 'uploads/6838699915818.jpg', 2, '2025-05-29 11:26:36', '2025-05-29 16:07:40', '2026-05-29', 'Cái', 150000),
(13, 'áo sơ mi trắng', 'Áo sơ mi trắng công sở dành cho nam', 180000, 1000, 'uploads/683869c1cf666.jpg', 2, '2025-05-29 11:26:36', '2025-05-29 14:27:08', '2026-05-29', 'Cái', 100000),
(14, 'áo thun nữ', 'Áo thun cotton thoáng mát dành cho nữ', 120000, 1000, 'uploads/683869c9edce2.jpg', 2, '2025-05-29 11:26:36', '2025-05-29 14:27:08', '2026-05-29', 'Cái', 70000),
(15, 'váy dài', 'Váy dài nữ tính phù hợp cho mùa hè', 220000, 1000, 'uploads/683869d337e96.jpg', 2, '2025-05-29 11:26:36', '2025-05-29 14:27:08', '2026-05-29', 'Cái', 130000),
(16, 'quần jeans nam', 'Quần jeans bền đẹp dành cho nam', 300000, 400, 'uploads/683869db79f16.jpg', 2, '2025-05-29 11:26:36', '2025-05-29 16:03:21', '2026-05-29', 'Cái', 200000),
(17, 'quần short nữ', 'Quần short trẻ trung dành cho nữ', 150000, 300, 'uploads/68386a3f8f34e.jpg', 2, '2025-05-29 11:26:36', '2025-05-29 16:03:21', '2026-05-29', 'Cái', 80000),
(18, 'áo hoodie', 'Áo hoodie nỉ ấm áp cho mùa đông', 270000, 500, 'uploads/68386a36e7ff7.jpg', 2, '2025-05-29 11:26:36', '2025-05-29 16:13:02', '2026-05-29', 'Cái', 160000),
(19, 'váy công sở', 'Váy công sở thanh lịch, chất liệu cao cấp', 320000, 500, 'uploads/68386a2b16846.jpg', 2, '2025-05-29 11:26:36', '2025-05-29 16:13:02', '2026-05-29', 'Cái', 180000),
(20, 'áo len cổ lọ', 'Áo len cổ lọ giữ ấm tốt, thời trang', 210000, 400, 'uploads/68386a20596b2.jpg', 2, '2025-05-29 11:26:36', '2025-05-29 16:13:02', '2026-05-29', 'Cái', 120000),
(21, 'bộ đồ thể thao', 'Bộ đồ thể thao co giãn thoải mái', 250000, 100, 'uploads/68386a12a1571.jpg', 2, '2025-05-29 11:26:36', '2025-05-29 16:13:02', '2026-05-29', 'Bộ', 140000),
(22, 'Tai nghe Bluetooth', 'Tai nghe không dây chất lượng âm thanh cao', 550000, 800, 'uploads/683857338109e.jpg', 3, '2025-05-29 11:27:37', '2025-05-29 16:13:02', '2026-05-29', 'Cái', 300000),
(23, 'Loa mini di động', 'Loa Bluetooth nhỏ gọn, pin lâu', 700000, 800, 'uploads/68385752751df.jpg', 3, '2025-05-29 11:27:37', '2025-05-29 16:13:02', '2026-05-29', 'Cái', 450000),
(24, 'Sạc dự phòng 10000mAh', 'Sạc nhanh, dung lượng cao', 350000, 800, 'uploads/68386906e749b.jpg', 3, '2025-05-29 11:27:37', '2025-05-29 16:13:02', '2026-05-29', 'Cái', 200000),
(25, 'Bàn phím cơ', 'Bàn phím cơ học dành cho game thủ', 1200000, 800, 'uploads/68386919eaef8.jpg', 3, '2025-05-29 11:27:37', '2025-05-29 16:13:02', '2026-05-29', 'Cái', 800000),
(26, 'Chuột không dây', 'Chuột Bluetooth tiện lợi cho laptop', 250000, 500, 'uploads/683869354d7d7.jpg', 3, '2025-05-29 11:27:37', '2025-05-29 16:13:02', '2026-05-29', 'Cái', 150000),
(27, 'Camera an ninh', 'Camera quan sát chất lượng HD', 1800000, 500, 'uploads/683869493bdf4.jpg', 3, '2025-05-29 11:27:37', '2025-05-29 16:13:02', '2026-05-29', 'Cái', 1200000),
(28, 'Ổ cứng SSD 512GB', 'Ổ cứng tốc độ cao dành cho máy tính', 1500000, 300, 'uploads/6838695a2863b.jpg', 3, '2025-05-29 11:27:37', '2025-05-29 16:13:02', '2026-05-29', 'Cái', 1000000),
(29, 'Màn hình LED 24 inch', 'Màn hình LED Full HD cho PC', 2200000, 300, 'uploads/6838696a5dbba.jpg', 3, '2025-05-29 11:27:37', '2025-05-29 16:13:02', '2026-05-29', 'Cái', 1600000),
(30, 'Bộ phát WiFi', 'Router phát sóng mạnh, hỗ trợ 2 băng tần', 890000, 500, 'uploads/6838697897eab.jpg', 3, '2025-05-29 11:27:37', '2025-05-29 16:13:02', '2026-05-29', 'Cái', 600000),
(31, 'Cáp sạc Type-C', 'Cáp sạc nhanh tương thích nhiều thiết bị', 120000, 600, 'uploads/6838698b98ca7.jpg', 3, '2025-05-29 11:27:37', '2025-05-29 16:13:02', '2026-05-29', 'Cái', 60000);

-- --------------------------------------------------------

--
-- Cấu trúc bảng cho bảng `sold_products`
--

CREATE TABLE `sold_products` (
  `id` int(11) NOT NULL,
  `product_id` int(11) NOT NULL,
  `quantity` int(11) NOT NULL,
  `sale_price` int(11) NOT NULL,
  `sale_date` datetime DEFAULT current_timestamp()
) ENGINE=InnoDB DEFAULT CHARSET=utf8mb4 COLLATE=utf8mb4_general_ci;

--
-- Đang đổ dữ liệu cho bảng `sold_products`
--

INSERT INTO `sold_products` (`id`, `product_id`, `quantity`, `sale_price`, `sale_date`) VALUES
(1, 0, 5, 20000, '2025-05-26 16:26:22'),
(2, 3, 2, 50000, '2025-05-26 16:26:22'),
(3, 4, 10, 12000, '2025-05-26 16:26:22'),
(4, 5, 3, 20000, '2025-05-26 16:26:22'),
(5, 6, 7, 15000, '2025-05-26 16:26:22'),
(6, 7, 1, 20000, '2025-05-26 16:26:22'),
(7, 8, 4, 5000, '2025-05-26 16:26:22'),
(8, 9, 2, 50500, '2025-05-26 16:26:22'),
(9, 10, 100, 20000, '2025-05-26 16:26:22'),
(10, 0, 3, 20000, '2025-05-25 10:00:00'),
(11, 3, 1, 50000, '2025-05-24 09:00:00'),
(12, 4, 5, 12000, '2025-05-23 14:00:00'),
(13, 5, 2, 20000, '2025-05-22 15:00:00'),
(14, 6, 4, 15000, '2025-05-21 16:00:00'),
(15, 7, 2, 20000, '2025-05-20 17:00:00'),
(16, 8, 3, 5000, '2025-05-19 18:00:00'),
(17, 9, 1, 50500, '2025-05-18 19:00:00'),
(18, 10, 100, 20000, '2025-05-17 20:00:00'),
(19, 0, 3, 20000, '2025-05-25 10:00:00'),
(20, 0, 7, 20000, '2025-05-27 11:00:00'),
(21, 3, 1, 50000, '2025-05-24 09:00:00'),
(22, 3, 3, 50000, '2025-05-26 12:00:00'),
(123, 0, 5, 21000, '2024-01-15 10:00:00'),
(124, 3, 2, 52000, '2024-01-20 11:00:00'),
(125, 4, 10, 16000, '2024-02-05 14:00:00'),
(126, 5, 3, 13000, '2024-02-18 15:00:00'),
(127, 6, 7, 31000, '2024-03-10 16:00:00'),
(128, 7, 1, 51000, '2024-03-25 17:00:00'),
(129, 8, 4, 50500, '2024-04-01 18:00:00'),
(130, 9, 2, 50500, '2024-04-14 19:00:00'),
(131, 10, 50, 21000, '2024-05-03 20:00:00'),
(132, 0, 8, 20500, '2024-05-29 10:00:00'),
(133, 3, 3, 50500, '2024-06-11 11:00:00'),
(134, 4, 15, 15500, '2024-06-22 14:00:00'),
(135, 5, 5, 12500, '2024-07-08 15:00:00'),
(136, 6, 10, 30500, '2024-07-19 16:00:00'),
(137, 7, 2, 50500, '2024-08-02 17:00:00'),
(138, 8, 6, 50500, '2024-08-16 18:00:00'),
(139, 9, 3, 50500, '2024-09-07 19:00:00'),
(140, 10, 50, 20500, '2024-09-21 20:00:00'),
(141, 0, 6, 21000, '2024-10-05 10:00:00'),
(142, 3, 4, 52000, '2024-10-18 11:00:00'),
(143, 4, 12, 16000, '2024-11-01 14:00:00'),
(144, 5, 4, 13000, '2024-11-15 15:00:00'),
(145, 6, 9, 31000, '2024-12-04 16:00:00'),
(146, 7, 3, 51000, '2024-12-17 17:00:00'),
(147, 8, 5, 50500, '2024-12-30 18:00:00'),
(148, 0, 4, 20500, '2024-01-18 10:30:00'),
(149, 3, 1, 50500, '2024-02-22 11:30:00'),
(150, 4, 8, 15500, '2024-03-15 14:30:00'),
(151, 5, 2, 12500, '2024-04-20 15:30:00'),
(152, 6, 6, 30500, '2024-05-12 16:30:00'),
(153, 7, 1, 50500, '2024-06-28 17:30:00'),
(154, 8, 3, 50500, '2024-07-05 18:30:00'),
(155, 9, 1, 50500, '2024-08-09 19:30:00'),
(156, 10, 5, 20500, '2024-09-01 20:30:00'),
(157, 0, 7, 21000, '2024-10-25 10:30:00'),
(158, 3, 3, 52000, '2024-11-10 11:30:00'),
(159, 4, 10, 16000, '2024-12-19 14:30:00'),
(160, 5, 3, 13000, '2024-01-03 15:30:00'),
(161, 6, 8, 31000, '2024-02-14 16:30:00'),
(162, 7, 2, 51000, '2024-03-28 17:30:00'),
(163, 8, 4, 50000, '2024-04-11 18:30:00'),
(164, 9, 2, 44000, '2024-05-05 19:30:00'),
(165, 10, 7, 21000, '2024-06-09 20:30:00'),
(166, 0, 5, 20500, '2024-07-17 10:30:00'),
(167, 3, 2, 50500, '2024-08-30 11:30:00'),
(168, 4, 13, 15500, '2024-09-14 14:30:00'),
(169, 5, 4, 12500, '2024-10-28 15:30:00'),
(170, 6, 9, 30500, '2024-11-20 16:30:00'),
(171, 7, 3, 50500, '2024-12-25 17:30:00'),
(184, 5, 5, 12000, '2021-04-08 15:00:00'),
(185, 6, 10, 30000, '2021-10-19 16:00:00'),
(186, 7, 2, 50000, '2022-03-02 17:00:00'),
(187, 8, 6, 50000, '2022-07-16 18:00:00'),
(188, 9, 3, 20000, '2023-01-07 19:00:00'),
(189, 10, 8, 20000, '2023-08-21 20:00:00'),
(200, 3, 1, 50000, '2021-04-22 11:30:00'),
(201, 4, 8, 15000, '2021-09-15 14:30:00'),
(202, 5, 2, 12000, '2022-01-20 15:30:00'),
(203, 6, 6, 30000, '2022-07-12 16:30:00'),
(204, 7, 1, 50000, '2023-03-28 17:30:00'),
(205, 8, 3, 10000, '2023-08-05 18:30:00'),
(219, 4, 13, 15000, '2022-01-14 14:30:00'),
(220, 5, 4, 12000, '2022-06-28 15:30:00'),
(221, 6, 9, 30000, '2023-01-20 16:30:00'),
(222, 6, 7, 15000, '2025-05-26 16:26:22'),
(223, 6, 4, 15000, '2025-05-21 16:00:00'),
(224, 6, 7, 31000, '2024-03-10 16:00:00'),
(225, 6, 10, 30500, '2024-07-19 16:00:00'),
(226, 6, 9, 31000, '2024-12-04 16:00:00'),
(227, 6, 9, 30500, '2024-05-12 16:30:00'),
(228, 6, 9, 30500, '2024-11-20 16:30:00'),
(229, 6, 9, 30500, '2024-10-17 16:30:00'),
(230, 6, 9, 30500, '2024-09-17 16:30:00'),
(231, 6, 9, 30500, '2022-07-12 16:30:00'),
(232, 6, 9, 30000, '2021-10-19 16:00:00'),
(233, 6, 9, 30000, '2023-01-20 16:30:00'),
(234, 6, 5, 20000, '2021-04-08 10:00:00'),
(235, 6, 5, 20000, '2021-09-15 10:00:00'),
(236, 6, 5, 20000, '2022-01-14 10:00:00'),
(237, 6, 5, 20000, '2022-03-02 10:00:00'),
(238, 6, 5, 20000, '2022-07-12 10:00:00'),
(239, 6, 5, 20000, '2023-01-07 10:00:00'),
(240, 6, 5, 20000, '2023-08-21 10:00:00'),
(241, 6, 5, 20000, '2023-12-28 10:00:00'),
(242, 6, 5, 20000, '2024-02-21 10:00:00'),
(243, 6, 5, 20000, '2024-03-28 10:00:00'),
(244, 6, 5, 20000, '2024-04-18 10:00:00'),
(245, 6, 5, 20000, '2024-05-19 10:00:00'),
(246, 6, 5, 20000, '2024-06-05 10:00:00'),
(247, 6, 5, 20000, '2024-06-28 10:00:00'),
(248, 6, 5, 20000, '2024-07-08 10:00:00'),
(249, 6, 5, 20000, '2024-07-28 10:00:00'),
(250, 6, 5, 20000, '2024-08-09 10:00:00'),
(251, 6, 5, 20000, '2024-08-30 10:00:00'),
(252, 6, 5, 20000, '2024-09-07 10:00:00'),
(253, 6, 5, 20000, '2024-09-18 10:00:00'),
(254, 6, 5, 20000, '2024-10-05 10:00:00'),
(255, 6, 5, 20000, '2024-10-18 10:00:00'),
(256, 6, 5, 20000, '2024-10-28 10:00:00'),
(257, 6, 5, 20000, '2024-11-01 10:00:00'),
(258, 6, 5, 20000, '2024-11-20 10:00:00'),
(259, 6, 5, 20000, '2024-12-04 10:00:00'),
(260, 6, 5, 20000, '2024-12-17 10:00:00'),
(261, 6, 5, 20000, '2024-12-25 10:00:00'),
(262, 6, 5, 20000, '2025-01-19 10:00:00'),
(263, 6, 5, 20000, '2025-05-19 10:00:00'),
(264, 6, 5, 20000, '2025-05-23 10:00:00'),
(265, 6, 5, 20000, '2025-05-25 10:00:00'),
(266, 6, 5, 20000, '2025-05-27 10:00:00'),
(277, 18, 20, 200000, '2021-09-27 10:00:00'),
(288, 12, 5, 120000, '2021-09-01 09:00:00'),
(289, 13, 10, 10000, '2021-09-02 10:00:00'),
(290, 14, 2, 350000, '2021-09-03 11:00:00'),
(291, 15, 4, 80000, '2021-09-04 12:00:00'),
(292, 16, 6, 15000, '2021-09-05 13:00:00'),
(293, 17, 3, 450000, '2021-09-06 14:00:00'),
(294, 18, 20, 200000, '2021-09-07 10:00:00'),
(295, 19, 1, 950000, '2021-09-08 15:00:00'),
(296, 20, 2, 3200000, '2021-09-09 09:30:00'),
(297, 21, 3, 1500000, '2021-09-10 10:30:00'),
(298, 22, 2, 1500000, '2021-09-11 11:30:00'),
(299, 23, 5, 300000, '2021-09-12 12:30:00'),
(300, 24, 7, 180000, '2021-09-13 13:30:00'),
(301, 25, 6, 120000, '2021-09-14 14:30:00'),
(302, 26, 8, 25000, '2021-09-15 15:30:00'),
(303, 27, 4, 90000, '2021-09-16 16:00:00'),
(304, 28, 3, 200000, '2021-09-17 09:45:00'),
(305, 29, 2, 600000, '2021-09-18 10:45:00'),
(306, 30, 1, 350000, '2021-09-19 11:45:00'),
(307, 31, 5, 400000, '2021-09-20 12:45:00'),
(308, 12, 18, 200000, '2021-10-10 10:00:00'),
(309, 13, 20, 200000, '2021-10-10 10:00:00'),
(310, 14, 17, 200000, '2021-10-10 10:00:00'),
(311, 15, 19, 200000, '2021-10-10 10:00:00'),
(312, 16, 21, 200000, '2021-10-10 10:00:00'),
(313, 17, 16, 200000, '2021-10-10 10:00:00'),
(314, 18, 22, 200000, '2021-10-10 10:00:00'),
(315, 19, 18, 200000, '2021-10-10 10:00:00'),
(316, 20, 20, 200000, '2021-10-10 10:00:00'),
(317, 21, 17, 200000, '2021-10-10 10:00:00'),
(318, 22, 19, 200000, '2021-10-10 10:00:00'),
(319, 23, 21, 200000, '2021-10-10 10:00:00'),
(320, 24, 16, 200000, '2021-10-10 10:00:00'),
(321, 25, 22, 200000, '2021-10-10 10:00:00'),
(322, 26, 18, 200000, '2021-10-10 10:00:00'),
(323, 27, 20, 200000, '2021-10-10 10:00:00'),
(324, 28, 17, 200000, '2021-10-10 10:00:00'),
(325, 29, 19, 200000, '2021-10-10 10:00:00'),
(326, 30, 21, 200000, '2021-10-10 10:00:00'),
(327, 31, 16, 200000, '2021-10-10 10:00:00'),
(328, 12, 19, 200000, '2022-01-10 10:00:00'),
(329, 13, 21, 200000, '2022-01-10 10:00:00'),
(330, 14, 18, 200000, '2022-01-10 10:00:00'),
(331, 15, 20, 200000, '2022-01-10 10:00:00'),
(332, 16, 22, 200000, '2022-01-10 10:00:00'),
(333, 17, 17, 200000, '2022-01-10 10:00:00'),
(334, 18, 23, 200000, '2022-01-10 10:00:00'),
(335, 19, 19, 200000, '2022-01-10 10:00:00'),
(336, 20, 21, 200000, '2022-01-10 10:00:00'),
(337, 21, 18, 200000, '2022-01-10 10:00:00'),
(338, 22, 20, 200000, '2022-01-10 10:00:00'),
(339, 23, 22, 200000, '2022-01-10 10:00:00'),
(340, 24, 17, 200000, '2022-01-10 10:00:00'),
(341, 25, 23, 200000, '2022-01-10 10:00:00'),
(342, 26, 19, 200000, '2022-01-10 10:00:00'),
(343, 27, 21, 200000, '2022-01-10 10:00:00'),
(344, 28, 18, 200000, '2022-01-10 10:00:00'),
(345, 29, 20, 200000, '2022-01-10 10:00:00'),
(346, 30, 22, 200000, '2022-01-10 10:00:00'),
(347, 31, 17, 200000, '2022-01-10 10:00:00'),
(348, 12, 20, 200000, '2025-05-10 10:00:00'),
(349, 13, 22, 200000, '2025-05-10 10:00:00'),
(350, 14, 19, 200000, '2025-05-10 10:00:00'),
(351, 15, 21, 200000, '2025-05-10 10:00:00'),
(352, 16, 23, 200000, '2025-05-10 10:00:00'),
(353, 17, 18, 200000, '2025-05-10 10:00:00'),
(354, 18, 24, 200000, '2025-05-10 10:00:00'),
(355, 19, 20, 200000, '2025-05-10 10:00:00'),
(356, 20, 22, 200000, '2025-05-10 10:00:00'),
(357, 21, 19, 200000, '2025-05-10 10:00:00'),
(358, 22, 21, 200000, '2025-05-10 10:00:00'),
(359, 23, 23, 200000, '2025-05-10 10:00:00'),
(360, 24, 18, 200000, '2025-05-10 10:00:00'),
(361, 25, 24, 200000, '2025-05-10 10:00:00'),
(362, 26, 20, 200000, '2025-05-10 10:00:00'),
(363, 27, 22, 200000, '2025-05-10 10:00:00'),
(364, 28, 19, 200000, '2025-05-10 10:00:00'),
(365, 29, 21, 200000, '2025-05-10 10:00:00'),
(366, 30, 23, 200000, '2025-05-10 10:00:00'),
(367, 31, 18, 200000, '2025-05-10 10:00:00'),
(1336, 10, 8, 200000, '2021-10-10 10:00:00'),
(1343, 10, 8, 200000, '2021-10-10 10:00:00'),
(1344, 11, 1, 210000, '2021-10-10 10:00:00'),
(1345, 12, 2, 220000, '2021-10-10 10:00:00'),
(1346, 13, 4, 230000, '2021-10-10 10:00:00'),
(1347, 14, 3, 240000, '2021-10-10 10:00:00'),
(1348, 15, 9, 250000, '2021-10-10 10:00:00'),
(1349, 16, 4, 260000, '2021-10-10 10:00:00'),
(1350, 17, 5, 270000, '2021-10-10 10:00:00'),
(1351, 18, 8, 280000, '2021-10-10 10:00:00'),
(1352, 19, 10, 290000, '2021-10-10 10:00:00'),
(1353, 20, 8, 300000, '2021-10-10 10:00:00'),
(1354, 10, 10, 200000, '2021-11-10 10:00:00'),
(1355, 11, 7, 210000, '2021-11-10 10:00:00'),
(1356, 12, 9, 220000, '2021-11-10 10:00:00'),
(1357, 13, 1, 230000, '2021-11-10 10:00:00'),
(1358, 14, 8, 240000, '2021-11-10 10:00:00'),
(1359, 15, 8, 250000, '2021-11-10 10:00:00'),
(1360, 16, 5, 260000, '2021-11-10 10:00:00'),
(1361, 17, 1, 270000, '2021-11-10 10:00:00'),
(1362, 18, 7, 280000, '2021-11-10 10:00:00'),
(1363, 19, 8, 290000, '2021-11-10 10:00:00'),
(1364, 20, 4, 300000, '2021-11-10 10:00:00'),
(1365, 10, 8, 200000, '2021-12-10 10:00:00'),
(1366, 11, 7, 210000, '2021-12-10 10:00:00'),
(1367, 12, 8, 220000, '2021-12-10 10:00:00'),
(1368, 13, 4, 230000, '2021-12-10 10:00:00'),
(1369, 14, 10, 240000, '2021-12-10 10:00:00'),
(1370, 15, 3, 250000, '2021-12-10 10:00:00'),
(1371, 16, 10, 260000, '2021-12-10 10:00:00'),
(1372, 17, 5, 270000, '2021-12-10 10:00:00'),
(1373, 18, 4, 280000, '2021-12-10 10:00:00'),
(1374, 19, 9, 290000, '2021-12-10 10:00:00'),
(1375, 20, 5, 300000, '2021-12-10 10:00:00'),
(1376, 10, 1, 200000, '2022-01-10 10:00:00'),
(1377, 11, 3, 210000, '2022-01-10 10:00:00'),
(1378, 12, 1, 220000, '2022-01-10 10:00:00'),
(1379, 13, 7, 230000, '2022-01-10 10:00:00'),
(1380, 14, 7, 240000, '2022-01-10 10:00:00'),
(1381, 15, 8, 250000, '2022-01-10 10:00:00'),
(1382, 16, 3, 260000, '2022-01-10 10:00:00'),
(1383, 17, 2, 270000, '2022-01-10 10:00:00'),
(1384, 18, 2, 280000, '2022-01-10 10:00:00'),
(1385, 19, 7, 290000, '2022-01-10 10:00:00'),
(1386, 20, 2, 300000, '2022-01-10 10:00:00'),
(1387, 10, 2, 200000, '2022-02-10 10:00:00'),
(1388, 11, 6, 210000, '2022-02-10 10:00:00'),
(1389, 12, 3, 220000, '2022-02-10 10:00:00'),
(1390, 13, 7, 230000, '2022-02-10 10:00:00'),
(1391, 14, 2, 240000, '2022-02-10 10:00:00'),
(1392, 15, 8, 250000, '2022-02-10 10:00:00'),
(1393, 16, 3, 260000, '2022-02-10 10:00:00'),
(1394, 17, 4, 270000, '2022-02-10 10:00:00'),
(1395, 18, 9, 280000, '2022-02-10 10:00:00'),
(1396, 19, 2, 290000, '2022-02-10 10:00:00'),
(1397, 20, 3, 300000, '2022-02-10 10:00:00'),
(1398, 10, 7, 200000, '2022-03-10 10:00:00'),
(1399, 11, 7, 210000, '2022-03-10 10:00:00'),
(1400, 12, 4, 220000, '2022-03-10 10:00:00'),
(1401, 13, 7, 230000, '2022-03-10 10:00:00'),
(1402, 14, 9, 240000, '2022-03-10 10:00:00'),
(1403, 15, 9, 250000, '2022-03-10 10:00:00'),
(1404, 16, 2, 260000, '2022-03-10 10:00:00'),
(1405, 17, 4, 270000, '2022-03-10 10:00:00'),
(1406, 18, 7, 280000, '2022-03-10 10:00:00'),
(1407, 19, 1, 290000, '2022-03-10 10:00:00'),
(1408, 20, 2, 300000, '2022-03-10 10:00:00'),
(1409, 10, 10, 200000, '2022-04-10 10:00:00'),
(1410, 11, 10, 210000, '2022-04-10 10:00:00'),
(1411, 12, 1, 220000, '2022-04-10 10:00:00'),
(1412, 13, 2, 230000, '2022-04-10 10:00:00'),
(1413, 14, 1, 240000, '2022-04-10 10:00:00'),
(1414, 15, 2, 250000, '2022-04-10 10:00:00'),
(1415, 16, 4, 260000, '2022-04-10 10:00:00'),
(1416, 17, 3, 270000, '2022-04-10 10:00:00'),
(1417, 18, 2, 280000, '2022-04-10 10:00:00'),
(1418, 19, 3, 290000, '2022-04-10 10:00:00'),
(1419, 20, 9, 300000, '2022-04-10 10:00:00'),
(1420, 10, 9, 200000, '2022-05-10 10:00:00'),
(1421, 11, 3, 210000, '2022-05-10 10:00:00'),
(1422, 12, 9, 220000, '2022-05-10 10:00:00'),
(1423, 13, 4, 230000, '2022-05-10 10:00:00'),
(1424, 14, 7, 240000, '2022-05-10 10:00:00'),
(1425, 15, 6, 250000, '2022-05-10 10:00:00'),
(1426, 16, 9, 260000, '2022-05-10 10:00:00'),
(1427, 17, 8, 270000, '2022-05-10 10:00:00'),
(1428, 18, 2, 280000, '2022-05-10 10:00:00'),
(1429, 19, 9, 290000, '2022-05-10 10:00:00'),
(1430, 20, 3, 300000, '2022-05-10 10:00:00'),
(1431, 10, 8, 200000, '2022-06-10 10:00:00'),
(1432, 11, 2, 210000, '2022-06-10 10:00:00'),
(1433, 12, 7, 220000, '2022-06-10 10:00:00'),
(1434, 13, 5, 230000, '2022-06-10 10:00:00'),
(1435, 14, 10, 240000, '2022-06-10 10:00:00'),
(1436, 15, 1, 250000, '2022-06-10 10:00:00'),
(1437, 16, 6, 260000, '2022-06-10 10:00:00'),
(1438, 17, 6, 270000, '2022-06-10 10:00:00'),
(1439, 18, 9, 280000, '2022-06-10 10:00:00'),
(1440, 19, 5, 290000, '2022-06-10 10:00:00'),
(1441, 20, 6, 300000, '2022-06-10 10:00:00'),
(1442, 10, 5, 200000, '2022-07-10 10:00:00'),
(1443, 11, 7, 210000, '2022-07-10 10:00:00'),
(1444, 12, 3, 220000, '2022-07-10 10:00:00'),
(1445, 13, 4, 230000, '2022-07-10 10:00:00'),
(1446, 14, 3, 240000, '2022-07-10 10:00:00'),
(1447, 15, 4, 250000, '2022-07-10 10:00:00'),
(1448, 16, 8, 260000, '2022-07-10 10:00:00'),
(1449, 17, 3, 270000, '2022-07-10 10:00:00'),
(1450, 18, 4, 280000, '2022-07-10 10:00:00'),
(1451, 19, 6, 290000, '2022-07-10 10:00:00'),
(1452, 20, 9, 300000, '2022-07-10 10:00:00'),
(1453, 10, 2, 200000, '2022-08-10 10:00:00'),
(1454, 11, 1, 210000, '2022-08-10 10:00:00'),
(1455, 12, 9, 220000, '2022-08-10 10:00:00'),
(1456, 13, 3, 230000, '2022-08-10 10:00:00'),
(1457, 14, 7, 240000, '2022-08-10 10:00:00'),
(1458, 15, 10, 250000, '2022-08-10 10:00:00'),
(1459, 16, 7, 260000, '2022-08-10 10:00:00'),
(1460, 17, 2, 270000, '2022-08-10 10:00:00'),
(1461, 18, 2, 280000, '2022-08-10 10:00:00'),
(1462, 19, 8, 290000, '2022-08-10 10:00:00'),
(1463, 20, 2, 300000, '2022-08-10 10:00:00'),
(1464, 10, 3, 200000, '2022-09-10 10:00:00'),
(1465, 11, 6, 210000, '2022-09-10 10:00:00'),
(1466, 12, 7, 220000, '2022-09-10 10:00:00'),
(1467, 13, 9, 230000, '2022-09-10 10:00:00'),
(1468, 14, 8, 240000, '2022-09-10 10:00:00'),
(1469, 15, 6, 250000, '2022-09-10 10:00:00'),
(1470, 16, 1, 260000, '2022-09-10 10:00:00'),
(1471, 17, 3, 270000, '2022-09-10 10:00:00'),
(1472, 18, 10, 280000, '2022-09-10 10:00:00'),
(1473, 19, 6, 290000, '2022-09-10 10:00:00'),
(1474, 20, 6, 300000, '2022-09-10 10:00:00'),
(1475, 10, 6, 200000, '2022-10-10 10:00:00'),
(1476, 11, 5, 210000, '2022-10-10 10:00:00'),
(1477, 12, 6, 220000, '2022-10-10 10:00:00'),
(1478, 13, 6, 230000, '2022-10-10 10:00:00'),
(1479, 14, 1, 240000, '2022-10-10 10:00:00'),
(1480, 15, 7, 250000, '2022-10-10 10:00:00'),
(1481, 16, 3, 260000, '2022-10-10 10:00:00'),
(1482, 17, 1, 270000, '2022-10-10 10:00:00'),
(1483, 18, 3, 280000, '2022-10-10 10:00:00'),
(1484, 19, 9, 290000, '2022-10-10 10:00:00'),
(1485, 20, 1, 300000, '2022-10-10 10:00:00'),
(1486, 10, 1, 200000, '2022-11-10 10:00:00'),
(1487, 11, 8, 210000, '2022-11-10 10:00:00'),
(1488, 12, 9, 220000, '2022-11-10 10:00:00'),
(1489, 13, 10, 230000, '2022-11-10 10:00:00'),
(1490, 14, 1, 240000, '2022-11-10 10:00:00'),
(1491, 15, 8, 250000, '2022-11-10 10:00:00'),
(1492, 16, 9, 260000, '2022-11-10 10:00:00'),
(1493, 17, 10, 270000, '2022-11-10 10:00:00'),
(1494, 18, 6, 280000, '2022-11-10 10:00:00'),
(1495, 19, 10, 290000, '2022-11-10 10:00:00'),
(1496, 20, 9, 300000, '2022-11-10 10:00:00'),
(1497, 10, 3, 200000, '2022-12-10 10:00:00'),
(1498, 11, 2, 210000, '2022-12-10 10:00:00'),
(1499, 12, 9, 220000, '2022-12-10 10:00:00'),
(1500, 13, 9, 230000, '2022-12-10 10:00:00'),
(1501, 14, 8, 240000, '2022-12-10 10:00:00'),
(1502, 15, 9, 250000, '2022-12-10 10:00:00'),
(1503, 16, 2, 260000, '2022-12-10 10:00:00'),
(1504, 17, 8, 270000, '2022-12-10 10:00:00'),
(1505, 18, 1, 280000, '2022-12-10 10:00:00'),
(1506, 19, 9, 290000, '2022-12-10 10:00:00'),
(1507, 20, 6, 300000, '2022-12-10 10:00:00'),
(1508, 10, 3, 200000, '2023-01-10 10:00:00'),
(1509, 11, 5, 210000, '2023-01-10 10:00:00'),
(1510, 12, 2, 220000, '2023-01-10 10:00:00'),
(1511, 13, 7, 230000, '2023-01-10 10:00:00'),
(1512, 14, 1, 240000, '2023-01-10 10:00:00'),
(1513, 15, 9, 250000, '2023-01-10 10:00:00'),
(1514, 16, 9, 260000, '2023-01-10 10:00:00'),
(1515, 17, 3, 270000, '2023-01-10 10:00:00'),
(1516, 18, 2, 280000, '2023-01-10 10:00:00'),
(1517, 19, 1, 290000, '2023-01-10 10:00:00'),
(1518, 20, 2, 300000, '2023-01-10 10:00:00'),
(1519, 10, 3, 200000, '2023-02-10 10:00:00'),
(1520, 11, 5, 210000, '2023-02-10 10:00:00'),
(1521, 12, 10, 220000, '2023-02-10 10:00:00'),
(1522, 13, 9, 230000, '2023-02-10 10:00:00'),
(1523, 14, 5, 240000, '2023-02-10 10:00:00'),
(1524, 15, 2, 250000, '2023-02-10 10:00:00'),
(1525, 16, 5, 260000, '2023-02-10 10:00:00'),
(1526, 17, 7, 270000, '2023-02-10 10:00:00'),
(1527, 18, 2, 280000, '2023-02-10 10:00:00'),
(1528, 19, 2, 290000, '2023-02-10 10:00:00'),
(1529, 20, 3, 300000, '2023-02-10 10:00:00'),
(1530, 10, 3, 200000, '2023-03-10 10:00:00'),
(1531, 11, 1, 210000, '2023-03-10 10:00:00'),
(1532, 12, 9, 220000, '2023-03-10 10:00:00'),
(1533, 13, 5, 230000, '2023-03-10 10:00:00'),
(1534, 14, 9, 240000, '2023-03-10 10:00:00'),
(1535, 15, 4, 250000, '2023-03-10 10:00:00'),
(1536, 16, 10, 260000, '2023-03-10 10:00:00'),
(1537, 17, 8, 270000, '2023-03-10 10:00:00'),
(1538, 18, 10, 280000, '2023-03-10 10:00:00'),
(1539, 19, 6, 290000, '2023-03-10 10:00:00'),
(1540, 20, 7, 300000, '2023-03-10 10:00:00'),
(1541, 10, 10, 200000, '2023-04-10 10:00:00'),
(1542, 11, 3, 210000, '2023-04-10 10:00:00'),
(1543, 12, 3, 220000, '2023-04-10 10:00:00'),
(1544, 13, 5, 230000, '2023-04-10 10:00:00'),
(1545, 14, 2, 240000, '2023-04-10 10:00:00'),
(1546, 15, 5, 250000, '2023-04-10 10:00:00'),
(1547, 16, 5, 260000, '2023-04-10 10:00:00'),
(1548, 17, 2, 270000, '2023-04-10 10:00:00'),
(1549, 18, 7, 280000, '2023-04-10 10:00:00'),
(1550, 19, 7, 290000, '2023-04-10 10:00:00'),
(1551, 20, 4, 300000, '2023-04-10 10:00:00'),
(1552, 10, 3, 200000, '2023-05-10 10:00:00'),
(1553, 11, 2, 210000, '2023-05-10 10:00:00'),
(1554, 12, 6, 220000, '2023-05-10 10:00:00'),
(1555, 13, 4, 230000, '2023-05-10 10:00:00'),
(1556, 14, 7, 240000, '2023-05-10 10:00:00'),
(1557, 15, 2, 250000, '2023-05-10 10:00:00'),
(1558, 16, 10, 260000, '2023-05-10 10:00:00'),
(1559, 17, 1, 270000, '2023-05-10 10:00:00'),
(1560, 18, 5, 280000, '2023-05-10 10:00:00'),
(1561, 19, 6, 290000, '2023-05-10 10:00:00'),
(1562, 20, 10, 300000, '2023-05-10 10:00:00'),
(1563, 10, 8, 200000, '2023-06-10 10:00:00'),
(1564, 11, 6, 210000, '2023-06-10 10:00:00'),
(1565, 12, 3, 220000, '2023-06-10 10:00:00'),
(1566, 13, 9, 230000, '2023-06-10 10:00:00'),
(1567, 14, 5, 240000, '2023-06-10 10:00:00'),
(1568, 15, 7, 250000, '2023-06-10 10:00:00'),
(1569, 16, 7, 260000, '2023-06-10 10:00:00'),
(1570, 17, 2, 270000, '2023-06-10 10:00:00'),
(1571, 18, 9, 280000, '2023-06-10 10:00:00'),
(1572, 19, 7, 290000, '2023-06-10 10:00:00'),
(1573, 20, 6, 300000, '2023-06-10 10:00:00'),
(1574, 10, 10, 200000, '2023-07-10 10:00:00'),
(1575, 11, 3, 210000, '2023-07-10 10:00:00'),
(1576, 12, 5, 220000, '2023-07-10 10:00:00'),
(1577, 13, 7, 230000, '2023-07-10 10:00:00'),
(1578, 14, 3, 240000, '2023-07-10 10:00:00'),
(1579, 15, 1, 250000, '2023-07-10 10:00:00'),
(1580, 16, 7, 260000, '2023-07-10 10:00:00'),
(1581, 17, 6, 270000, '2023-07-10 10:00:00'),
(1582, 18, 4, 280000, '2023-07-10 10:00:00'),
(1583, 19, 3, 290000, '2023-07-10 10:00:00'),
(1584, 20, 4, 300000, '2023-07-10 10:00:00'),
(1585, 10, 5, 200000, '2023-08-10 10:00:00'),
(1586, 11, 4, 210000, '2023-08-10 10:00:00'),
(1587, 12, 7, 220000, '2023-08-10 10:00:00'),
(1588, 13, 7, 230000, '2023-08-10 10:00:00'),
(1589, 14, 3, 240000, '2023-08-10 10:00:00'),
(1590, 15, 8, 250000, '2023-08-10 10:00:00'),
(1591, 16, 1, 260000, '2023-08-10 10:00:00'),
(1592, 17, 5, 270000, '2023-08-10 10:00:00'),
(1593, 18, 6, 280000, '2023-08-10 10:00:00'),
(1594, 19, 8, 290000, '2023-08-10 10:00:00'),
(1595, 20, 10, 300000, '2023-08-10 10:00:00'),
(1596, 10, 5, 200000, '2023-09-10 10:00:00'),
(1597, 11, 6, 210000, '2023-09-10 10:00:00'),
(1598, 12, 1, 220000, '2023-09-10 10:00:00'),
(1599, 13, 5, 230000, '2023-09-10 10:00:00'),
(1600, 14, 5, 240000, '2023-09-10 10:00:00'),
(1601, 15, 4, 250000, '2023-09-10 10:00:00'),
(1602, 16, 5, 260000, '2023-09-10 10:00:00'),
(1603, 17, 3, 270000, '2023-09-10 10:00:00'),
(1604, 18, 8, 280000, '2023-09-10 10:00:00'),
(1605, 19, 5, 290000, '2023-09-10 10:00:00'),
(1606, 20, 6, 300000, '2023-09-10 10:00:00'),
(1607, 10, 10, 200000, '2023-10-10 10:00:00'),
(1608, 11, 8, 210000, '2023-10-10 10:00:00'),
(1609, 12, 3, 220000, '2023-10-10 10:00:00'),
(1610, 13, 9, 230000, '2023-10-10 10:00:00'),
(1611, 14, 5, 240000, '2023-10-10 10:00:00'),
(1612, 15, 10, 250000, '2023-10-10 10:00:00'),
(1613, 16, 8, 260000, '2023-10-10 10:00:00'),
(1614, 17, 1, 270000, '2023-10-10 10:00:00'),
(1615, 18, 9, 280000, '2023-10-10 10:00:00'),
(1616, 19, 10, 290000, '2023-10-10 10:00:00'),
(1617, 20, 5, 300000, '2023-10-10 10:00:00'),
(1618, 10, 9, 200000, '2023-11-10 10:00:00'),
(1619, 11, 1, 210000, '2023-11-10 10:00:00'),
(1620, 12, 5, 220000, '2023-11-10 10:00:00'),
(1621, 13, 6, 230000, '2023-11-10 10:00:00'),
(1622, 14, 3, 240000, '2023-11-10 10:00:00'),
(1623, 15, 4, 250000, '2023-11-10 10:00:00'),
(1624, 16, 4, 260000, '2023-11-10 10:00:00'),
(1625, 17, 2, 270000, '2023-11-10 10:00:00'),
(1626, 18, 2, 280000, '2023-11-10 10:00:00'),
(1627, 19, 10, 290000, '2023-11-10 10:00:00'),
(1628, 20, 10, 300000, '2023-11-10 10:00:00'),
(1629, 10, 10, 200000, '2023-12-10 10:00:00'),
(1630, 11, 6, 210000, '2023-12-10 10:00:00'),
(1631, 12, 7, 220000, '2023-12-10 10:00:00'),
(1632, 13, 3, 230000, '2023-12-10 10:00:00'),
(1633, 14, 6, 240000, '2023-12-10 10:00:00'),
(1634, 15, 3, 250000, '2023-12-10 10:00:00'),
(1635, 16, 6, 260000, '2023-12-10 10:00:00'),
(1636, 17, 5, 270000, '2023-12-10 10:00:00'),
(1637, 18, 3, 280000, '2023-12-10 10:00:00'),
(1638, 19, 5, 290000, '2023-12-10 10:00:00'),
(1639, 20, 7, 300000, '2023-12-10 10:00:00'),
(1640, 10, 1, 200000, '2024-01-10 10:00:00'),
(1641, 11, 4, 210000, '2024-01-10 10:00:00'),
(1642, 12, 5, 220000, '2024-01-10 10:00:00'),
(1643, 13, 2, 230000, '2024-01-10 10:00:00'),
(1644, 14, 10, 240000, '2024-01-10 10:00:00'),
(1645, 15, 6, 250000, '2024-01-10 10:00:00'),
(1646, 16, 9, 260000, '2024-01-10 10:00:00'),
(1647, 17, 7, 270000, '2024-01-10 10:00:00'),
(1648, 18, 4, 280000, '2024-01-10 10:00:00'),
(1649, 19, 3, 290000, '2024-01-10 10:00:00'),
(1650, 20, 3, 300000, '2024-01-10 10:00:00'),
(1651, 10, 8, 200000, '2024-02-10 10:00:00'),
(1652, 11, 3, 210000, '2024-02-10 10:00:00'),
(1653, 12, 4, 220000, '2024-02-10 10:00:00'),
(1654, 13, 6, 230000, '2024-02-10 10:00:00'),
(1655, 14, 6, 240000, '2024-02-10 10:00:00'),
(1656, 15, 5, 250000, '2024-02-10 10:00:00'),
(1657, 16, 9, 260000, '2024-02-10 10:00:00'),
(1658, 17, 9, 270000, '2024-02-10 10:00:00'),
(1659, 18, 8, 280000, '2024-02-10 10:00:00'),
(1660, 19, 8, 290000, '2024-02-10 10:00:00'),
(1661, 20, 9, 300000, '2024-02-10 10:00:00'),
(1662, 10, 6, 200000, '2024-03-10 10:00:00'),
(1663, 11, 8, 210000, '2024-03-10 10:00:00'),
(1664, 12, 7, 220000, '2024-03-10 10:00:00'),
(1665, 13, 8, 230000, '2024-03-10 10:00:00'),
(1666, 14, 1, 240000, '2024-03-10 10:00:00'),
(1667, 15, 1, 250000, '2024-03-10 10:00:00'),
(1668, 16, 3, 260000, '2024-03-10 10:00:00'),
(1669, 17, 2, 270000, '2024-03-10 10:00:00'),
(1670, 18, 9, 280000, '2024-03-10 10:00:00'),
(1671, 19, 2, 290000, '2024-03-10 10:00:00'),
(1672, 20, 3, 300000, '2024-03-10 10:00:00'),
(1673, 10, 9, 200000, '2024-04-10 10:00:00'),
(1674, 11, 5, 210000, '2024-04-10 10:00:00'),
(1675, 12, 1, 220000, '2024-04-10 10:00:00'),
(1676, 13, 8, 230000, '2024-04-10 10:00:00'),
(1677, 14, 10, 240000, '2024-04-10 10:00:00'),
(1678, 15, 1, 250000, '2024-04-10 10:00:00'),
(1679, 16, 9, 260000, '2024-04-10 10:00:00'),
(1680, 17, 4, 270000, '2024-04-10 10:00:00'),
(1681, 18, 10, 280000, '2024-04-10 10:00:00'),
(1682, 19, 7, 290000, '2024-04-10 10:00:00'),
(1683, 20, 2, 300000, '2024-04-10 10:00:00'),
(1684, 10, 10, 200000, '2024-05-10 10:00:00'),
(1685, 11, 5, 210000, '2024-05-10 10:00:00'),
(1686, 12, 8, 220000, '2024-05-10 10:00:00'),
(1687, 13, 7, 230000, '2024-05-10 10:00:00'),
(1688, 14, 6, 240000, '2024-05-10 10:00:00'),
(1689, 15, 10, 250000, '2024-05-10 10:00:00'),
(1690, 16, 6, 260000, '2024-05-10 10:00:00'),
(1691, 17, 9, 270000, '2024-05-10 10:00:00'),
(1692, 18, 5, 280000, '2024-05-10 10:00:00'),
(1693, 19, 5, 290000, '2024-05-10 10:00:00'),
(1694, 20, 8, 300000, '2024-05-10 10:00:00'),
(1695, 10, 8, 200000, '2024-06-10 10:00:00'),
(1696, 11, 3, 210000, '2024-06-10 10:00:00'),
(1697, 12, 2, 220000, '2024-06-10 10:00:00'),
(1698, 13, 5, 230000, '2024-06-10 10:00:00'),
(1699, 14, 1, 240000, '2024-06-10 10:00:00'),
(1700, 15, 9, 250000, '2024-06-10 10:00:00'),
(1701, 16, 5, 260000, '2024-06-10 10:00:00'),
(1702, 17, 4, 270000, '2024-06-10 10:00:00'),
(1703, 18, 3, 280000, '2024-06-10 10:00:00'),
(1704, 19, 7, 290000, '2024-06-10 10:00:00'),
(1705, 20, 2, 300000, '2024-06-10 10:00:00'),
(1706, 10, 2, 200000, '2024-07-10 10:00:00'),
(1707, 11, 4, 210000, '2024-07-10 10:00:00'),
(1708, 12, 4, 220000, '2024-07-10 10:00:00'),
(1709, 13, 1, 230000, '2024-07-10 10:00:00'),
(1710, 14, 10, 240000, '2024-07-10 10:00:00'),
(1711, 15, 9, 250000, '2024-07-10 10:00:00'),
(1712, 16, 7, 260000, '2024-07-10 10:00:00'),
(1713, 17, 6, 270000, '2024-07-10 10:00:00'),
(1714, 18, 5, 280000, '2024-07-10 10:00:00'),
(1715, 19, 5, 290000, '2024-07-10 10:00:00'),
(1716, 20, 3, 300000, '2024-07-10 10:00:00'),
(1717, 10, 2, 200000, '2024-08-10 10:00:00'),
(1718, 11, 6, 210000, '2024-08-10 10:00:00'),
(1719, 12, 3, 220000, '2024-08-10 10:00:00'),
(1720, 13, 1, 230000, '2024-08-10 10:00:00'),
(1721, 14, 1, 240000, '2024-08-10 10:00:00'),
(1722, 15, 5, 250000, '2024-08-10 10:00:00'),
(1723, 16, 7, 260000, '2024-08-10 10:00:00'),
(1724, 17, 10, 270000, '2024-08-10 10:00:00'),
(1725, 18, 8, 280000, '2024-08-10 10:00:00'),
(1726, 19, 3, 290000, '2024-08-10 10:00:00'),
(1727, 20, 9, 300000, '2024-08-10 10:00:00'),
(1728, 10, 3, 200000, '2024-09-10 10:00:00'),
(1729, 11, 2, 210000, '2024-09-10 10:00:00'),
(1730, 12, 8, 220000, '2024-09-10 10:00:00'),
(1731, 13, 3, 230000, '2024-09-10 10:00:00'),
(1732, 14, 9, 240000, '2024-09-10 10:00:00'),
(1733, 15, 10, 250000, '2024-09-10 10:00:00'),
(1734, 16, 2, 260000, '2024-09-10 10:00:00'),
(1735, 17, 7, 270000, '2024-09-10 10:00:00'),
(1736, 18, 10, 280000, '2024-09-10 10:00:00'),
(1737, 19, 4, 290000, '2024-09-10 10:00:00'),
(1738, 20, 6, 300000, '2024-09-10 10:00:00'),
(1739, 10, 1, 200000, '2024-10-10 10:00:00'),
(1740, 11, 6, 210000, '2024-10-10 10:00:00'),
(1741, 12, 9, 220000, '2024-10-10 10:00:00'),
(1742, 13, 4, 230000, '2024-10-10 10:00:00'),
(1743, 14, 1, 240000, '2024-10-10 10:00:00'),
(1744, 15, 8, 250000, '2024-10-10 10:00:00'),
(1745, 16, 10, 260000, '2024-10-10 10:00:00'),
(1746, 17, 1, 270000, '2024-10-10 10:00:00'),
(1747, 18, 2, 280000, '2024-10-10 10:00:00'),
(1748, 19, 3, 290000, '2024-10-10 10:00:00'),
(1749, 20, 4, 300000, '2024-10-10 10:00:00'),
(1750, 10, 10, 200000, '2024-11-10 10:00:00'),
(1751, 11, 4, 210000, '2024-11-10 10:00:00'),
(1752, 12, 6, 220000, '2024-11-10 10:00:00'),
(1753, 13, 8, 230000, '2024-11-10 10:00:00'),
(1754, 14, 10, 240000, '2024-11-10 10:00:00'),
(1755, 15, 9, 250000, '2024-11-10 10:00:00'),
(1756, 16, 8, 260000, '2024-11-10 10:00:00'),
(1757, 17, 5, 270000, '2024-11-10 10:00:00'),
(1758, 18, 5, 280000, '2024-11-10 10:00:00'),
(1759, 19, 8, 290000, '2024-11-10 10:00:00'),
(1760, 20, 9, 300000, '2024-11-10 10:00:00'),
(1761, 10, 9, 200000, '2024-12-10 10:00:00'),
(1762, 11, 4, 210000, '2024-12-10 10:00:00'),
(1763, 12, 8, 220000, '2024-12-10 10:00:00'),
(1764, 13, 8, 230000, '2024-12-10 10:00:00'),
(1765, 14, 8, 240000, '2024-12-10 10:00:00'),
(1766, 15, 9, 250000, '2024-12-10 10:00:00'),
(1767, 16, 9, 260000, '2024-12-10 10:00:00'),
(1768, 17, 2, 270000, '2024-12-10 10:00:00'),
(1769, 18, 3, 280000, '2024-12-10 10:00:00'),
(1770, 19, 1, 290000, '2024-12-10 10:00:00'),
(1771, 20, 6, 300000, '2024-12-10 10:00:00'),
(1772, 10, 1, 200000, '2025-01-10 10:00:00'),
(1773, 11, 10, 210000, '2025-01-10 10:00:00'),
(1774, 12, 10, 220000, '2025-01-10 10:00:00'),
(1775, 13, 2, 230000, '2025-01-10 10:00:00'),
(1776, 14, 3, 240000, '2025-01-10 10:00:00'),
(1777, 15, 4, 250000, '2025-01-10 10:00:00'),
(1778, 16, 5, 260000, '2025-01-10 10:00:00'),
(1779, 17, 3, 270000, '2025-01-10 10:00:00'),
(1780, 18, 3, 280000, '2025-01-10 10:00:00'),
(1781, 19, 7, 290000, '2025-01-10 10:00:00'),
(1782, 20, 10, 300000, '2025-01-10 10:00:00'),
(1783, 10, 3, 200000, '2025-02-10 10:00:00'),
(1784, 11, 8, 210000, '2025-02-10 10:00:00'),
(1785, 12, 6, 220000, '2025-02-10 10:00:00'),
(1786, 13, 7, 230000, '2025-02-10 10:00:00'),
(1787, 14, 6, 240000, '2025-02-10 10:00:00'),
(1788, 15, 7, 250000, '2025-02-10 10:00:00'),
(1789, 16, 3, 260000, '2025-02-10 10:00:00'),
(1790, 17, 4, 270000, '2025-02-10 10:00:00'),
(1791, 18, 4, 280000, '2025-02-10 10:00:00'),
(1792, 19, 9, 290000, '2025-02-10 10:00:00'),
(1793, 20, 5, 300000, '2025-02-10 10:00:00'),
(1794, 10, 7, 200000, '2025-03-10 10:00:00'),
(1795, 11, 2, 210000, '2025-03-10 10:00:00'),
(1796, 12, 3, 220000, '2025-03-10 10:00:00'),
(1797, 13, 5, 230000, '2025-03-10 10:00:00'),
(1798, 14, 4, 240000, '2025-03-10 10:00:00'),
(1799, 15, 5, 250000, '2025-03-10 10:00:00'),
(1800, 16, 8, 260000, '2025-03-10 10:00:00'),
(1801, 17, 1, 270000, '2025-03-10 10:00:00'),
(1802, 18, 8, 280000, '2025-03-10 10:00:00'),
(1803, 19, 7, 290000, '2025-03-10 10:00:00'),
(1804, 20, 7, 300000, '2025-03-10 10:00:00'),
(1805, 10, 9, 200000, '2025-04-10 10:00:00'),
(1806, 11, 3, 210000, '2025-04-10 10:00:00'),
(1807, 12, 1, 220000, '2025-04-10 10:00:00'),
(1808, 13, 9, 230000, '2025-04-10 10:00:00'),
(1809, 14, 6, 240000, '2025-04-10 10:00:00'),
(1810, 15, 6, 250000, '2025-04-10 10:00:00'),
(1811, 16, 3, 260000, '2025-04-10 10:00:00'),
(1812, 17, 4, 270000, '2025-04-10 10:00:00'),
(1813, 18, 3, 280000, '2025-04-10 10:00:00'),
(1814, 19, 4, 290000, '2025-04-10 10:00:00'),
(1815, 20, 5, 300000, '2025-04-10 10:00:00'),
(1816, 10, 8, 200000, '2025-05-10 10:00:00'),
(1817, 11, 4, 210000, '2025-05-10 10:00:00'),
(1818, 12, 10, 220000, '2025-05-10 10:00:00'),
(1819, 13, 7, 230000, '2025-05-10 10:00:00'),
(1820, 14, 6, 240000, '2025-05-10 10:00:00'),
(1821, 15, 9, 250000, '2025-05-10 10:00:00'),
(1822, 16, 3, 260000, '2025-05-10 10:00:00'),
(1823, 17, 1, 270000, '2025-05-10 10:00:00'),
(1824, 18, 6, 280000, '2025-05-10 10:00:00'),
(1825, 19, 8, 290000, '2025-05-10 10:00:00'),
(1826, 20, 10, 300000, '2025-05-10 10:00:00'),
(1827, 10, 6, 200000, '2021-10-10 10:00:00'),
(1828, 11, 3, 210000, '2021-10-10 10:00:00'),
(1829, 12, 5, 220000, '2021-10-10 10:00:00'),
(1830, 13, 10, 230000, '2021-10-10 10:00:00'),
(1831, 14, 8, 240000, '2021-10-10 10:00:00'),
(1832, 10, 1, 200000, '2021-11-10 10:00:00'),
(1833, 11, 4, 210000, '2021-11-10 10:00:00'),
(1834, 12, 2, 220000, '2021-11-10 10:00:00'),
(1835, 13, 7, 230000, '2021-11-10 10:00:00'),
(1836, 14, 2, 240000, '2021-11-10 10:00:00'),
(1837, 10, 5, 200000, '2021-12-10 10:00:00'),
(1838, 11, 1, 210000, '2021-12-10 10:00:00'),
(1839, 12, 10, 220000, '2021-12-10 10:00:00'),
(1840, 13, 7, 230000, '2021-12-10 10:00:00'),
(1841, 14, 7, 240000, '2021-12-10 10:00:00'),
(1842, 10, 6, 200000, '2022-01-10 10:00:00'),
(1843, 11, 8, 210000, '2022-01-10 10:00:00'),
(1844, 12, 7, 220000, '2022-01-10 10:00:00'),
(1845, 13, 2, 230000, '2022-01-10 10:00:00'),
(1846, 14, 10, 240000, '2022-01-10 10:00:00'),
(1847, 10, 4, 200000, '2022-02-10 10:00:00'),
(1848, 11, 8, 210000, '2022-02-10 10:00:00'),
(1849, 12, 5, 220000, '2022-02-10 10:00:00'),
(1850, 13, 2, 230000, '2022-02-10 10:00:00'),
(1851, 14, 4, 240000, '2022-02-10 10:00:00'),
(1852, 10, 5, 200000, '2022-03-10 10:00:00'),
(1853, 11, 8, 210000, '2022-03-10 10:00:00'),
(1854, 12, 1, 220000, '2022-03-10 10:00:00'),
(1855, 13, 7, 230000, '2022-03-10 10:00:00'),
(1856, 14, 1, 240000, '2022-03-10 10:00:00'),
(1857, 10, 6, 200000, '2022-04-10 10:00:00'),
(1858, 11, 9, 210000, '2022-04-10 10:00:00'),
(1859, 12, 2, 220000, '2022-04-10 10:00:00'),
(1860, 13, 8, 230000, '2022-04-10 10:00:00'),
(1861, 14, 3, 240000, '2022-04-10 10:00:00'),
(1862, 10, 3, 200000, '2022-05-10 10:00:00'),
(1863, 11, 2, 210000, '2022-05-10 10:00:00'),
(1864, 12, 5, 220000, '2022-05-10 10:00:00'),
(1865, 13, 9, 230000, '2022-05-10 10:00:00'),
(1866, 14, 7, 240000, '2022-05-10 10:00:00'),
(1867, 10, 2, 200000, '2022-06-10 10:00:00'),
(1868, 11, 10, 210000, '2022-06-10 10:00:00'),
(1869, 12, 10, 220000, '2022-06-10 10:00:00'),
(3013, 23, 10, 330000, '2025-04-10 10:00:00');


-- --------------------------------------------------------

--
-- Cấu trúc bảng cho bảng `users`
--

CREATE TABLE `users` (
  `id` int(11) NOT NULL,
  `username` varchar(50) NOT NULL,
  `password` varchar(255) NOT NULL,
  `email` varchar(100) NOT NULL,
  `fullname` varchar(100) NOT NULL,
  `role` enum('admin','user') DEFAULT 'user',
  `created_at` timestamp NOT NULL DEFAULT current_timestamp(),
  `updated_at` timestamp NOT NULL DEFAULT current_timestamp() ON UPDATE current_timestamp(),
  `birthdate` date DEFAULT NULL,
  `gender` varchar(10) DEFAULT NULL,
  `city` varchar(100) DEFAULT NULL,
  `hobbies` text DEFAULT NULL,
  `description` text DEFAULT NULL
) ENGINE=InnoDB DEFAULT CHARSET=utf8mb4 COLLATE=utf8mb4_general_ci;

--
-- Đang đổ dữ liệu cho bảng `users`
--

INSERT INTO `users` (`id`, `username`, `password`, `email`, `fullname`, `role`, `created_at`, `updated_at`, `birthdate`, `gender`, `city`, `hobbies`, `description`) VALUES
(1, 'tuan', '$2y$10$Af7aTB4eTm5kMzl1NMuMJ.lfRl7.jxeIrC9zEJFTAHme2RB09dx.2', '', '', 'user', '2025-05-24 15:31:15', '2025-05-24 16:04:27', NULL, NULL, NULL, NULL, NULL),
(2, 'tuankutehy@gmail.com', '$2y$10$wisGzAD1YoZmKbQxdFIevO51GXqPu3ZevxXLaS8hnMFVSeArh1naC', 'tuankutehy@gmail.com', 'tuấn khúc', 'user', '2025-05-24 17:07:43', '2025-05-24 17:07:43', '2025-05-09', 'female', 'hcm', '[\"movies\"]', 'ưeqweqwe'),
(3, 'tuan@gmail.com', '$2y$10$wwVOcqHn2CZnYYdm4DWFDOVX3UHE7NGsbdEENlPys157631pL2rEu', 'tuan@gmail.com', 'tuấn khúc', 'user', '2025-05-24 17:07:57', '2025-05-24 17:07:57', '2025-05-09', 'male', 'hcm', '[\"football\"]', ''),
(4, 'tuan111dsas@gmail.com', '$2y$10$IAUgW5.kPPHcgbGHtp0Fge1rNRE3iMlSCU2X8ARixPaycdC0lA.i2', 'tuan111dsas@gmail.com', 'ádasd ádasdasd', 'user', '2025-05-29 17:39:14', '2025-05-29 17:39:14', '2025-05-09', 'male', 'hcm', 'volleyball', ''),
(5, 'tuan1@gmail.com', '$2y$10$slqM9RYb4T9Uq2AlLTHeue0/PaeujBZQl0I0U3luwfXzhfLUQyfbu', 'tuan1@gmail.com', 'khúc tuấn', 'user', '2025-05-30 13:49:17', '2025-05-30 13:49:17', '2025-05-09', 'female', 'hcm', '', ''),
(6, 'test1@gmail.com', '$2y$10$DtS55Y2X82psoHYGLDy2HOs/2Rmgy0uMhHs0MLv1pl32cjsFJRiJW', 'test1@gmail.com', 'test1 test1', 'user', '2025-05-30 13:50:26', '2025-05-30 13:50:26', '2025-05-16', 'male', 'hcm', '', '');

--
-- Chỉ mục cho các bảng đã đổ
--

--
-- Chỉ mục cho bảng `categories`
--
ALTER TABLE `categories`
  ADD PRIMARY KEY (`id`);

--
-- Chỉ mục cho bảng `products`
--
ALTER TABLE `products`
  ADD PRIMARY KEY (`id`),
  ADD KEY `idx_products_category` (`category_id`);

--
-- Chỉ mục cho bảng `sold_products`
--
ALTER TABLE `sold_products`
  ADD PRIMARY KEY (`id`),
  ADD KEY `product_id` (`product_id`);

--
-- Chỉ mục cho bảng `users`
--
ALTER TABLE `users`
  ADD PRIMARY KEY (`id`),
  ADD UNIQUE KEY `username` (`username`),
  ADD UNIQUE KEY `email` (`email`);

--
-- AUTO_INCREMENT cho các bảng đã đổ
--

--
-- AUTO_INCREMENT cho bảng `categories`
--
ALTER TABLE `categories`
  MODIFY `id` int(11) NOT NULL AUTO_INCREMENT, AUTO_INCREMENT=7;

--
-- AUTO_INCREMENT cho bảng `products`
--
ALTER TABLE `products`
  MODIFY `id` int(11) NOT NULL AUTO_INCREMENT, AUTO_INCREMENT=33;

--
-- AUTO_INCREMENT cho bảng `sold_products`
--
ALTER TABLE `sold_products`
  MODIFY `id` int(11) NOT NULL AUTO_INCREMENT, AUTO_INCREMENT=4643;

--
-- AUTO_INCREMENT cho bảng `users`
--
ALTER TABLE `users`
  MODIFY `id` int(11) NOT NULL AUTO_INCREMENT, AUTO_INCREMENT=7;

--
-- Các ràng buộc cho các bảng đã đổ
--

--
-- Các ràng buộc cho bảng `products`
--
ALTER TABLE `products`
  ADD CONSTRAINT `products_ibfk_1` FOREIGN KEY (`category_id`) REFERENCES `categories` (`id`) ON DELETE SET NULL;

--
-- Các ràng buộc cho bảng `sold_products`
--
ALTER TABLE `sold_products`
  ADD CONSTRAINT `sold_products_ibfk_1` FOREIGN KEY (`product_id`) REFERENCES `products` (`id`) ON DELETE CASCADE ON UPDATE CASCADE;
COMMIT;

/*!40101 SET CHARACTER_SET_CLIENT=@OLD_CHARACTER_SET_CLIENT */;
/*!40101 SET CHARACTER_SET_RESULTS=@OLD_CHARACTER_SET_RESULTS */;
/*!40101 SET COLLATION_CONNECTION=@OLD_COLLATION_CONNECTION */;
